"","TCI"
"2013-01-04",31.8380399633062
"2013-01-07",33.261982382471
"2013-01-08",34.9541025380316
"2013-01-09",36.9010315259912
"2013-01-10",44.209367174938
"2013-01-11",45.2907887368208
"2013-01-14",66.5201758312395
"2013-01-15",51.7514688671413
"2013-01-16",54.794220458365
"2013-01-17",54.0819521857789
"2013-01-18",50.693302847396
"2013-01-22",46.8812525951038
"2013-01-23",45.8908474888869
"2013-01-25",45.1395475102884
"2013-01-29",45.4913929045584
"2013-01-30",44.7746564505067
"2013-01-31",43.1875853398921
"2013-02-04",43.5514995677882
"2013-02-05",43.7794044165944
"2013-02-06",43.8671196479088
"2013-02-07",43.0122999636994
"2013-02-08",41.2277523772522
"2013-02-19",39.8464032931522
"2013-02-20",39.9609511406902
"2013-02-21",38.4414990488595
"2013-02-22",40.665731114814
"2013-02-25",41.7334473265729
"2013-02-26",39.8271352389655
"2013-02-27",39.0329696552187
"2013-02-28",38.0192903694438
"2013-03-01",38.0677915466524
"2013-03-04",37.4461288321522
"2013-03-05",37.3674987097481
"2013-03-06",36.8246373904637
"2013-03-07",36.6427424151359
"2013-03-08",35.7126859735506
"2013-03-11",35.8059760964647
"2013-03-12",36.2449845741202
"2013-03-13",33.9692750910227
"2013-03-14",34.4060977158357
"2013-03-15",33.5816237466135
"2013-03-18",32.9979535201116
"2013-03-19",33.1044366103586
"2013-03-20",34.0078868206514
"2013-03-21",33.1056065939327
"2013-03-22",33.2003376901631
"2013-03-25",33.3020504626519
"2013-03-26",32.5911608548616
"2013-03-27",35.7502869016379
"2013-03-28",38.1913944539559
"2013-04-01",36.8985182947501
"2013-04-02",36.1427331587965
"2013-04-03",35.3001738486615
"2013-04-08",35.2510777674865
"2013-04-09",35.2156143862571
"2013-04-10",35.4344745323126
"2013-04-11",34.4463619262763
"2013-04-12",36.4013619723066
"2013-04-15",39.9800153815184
"2013-04-16",37.8381178861957
"2013-04-17",40.2677053128188
"2013-04-18",39.4968479215448
"2013-04-19",39.9481010094158
"2013-04-22",39.6967120815898
"2013-04-23",39.1622413837108
"2013-04-24",39.8202859082222
"2013-04-25",39.1150323884607
"2013-04-26",42.3683957416527
"2013-05-02",44.0389182839128
"2013-05-03",42.8228538705335
"2013-05-06",41.8649515930797
"2013-05-07",41.6889048364108
"2013-05-08",41.8618435807823
"2013-05-09",40.8351305244376
"2013-05-10",41.6651642464618
"2013-05-13",41.3518830107633
"2013-05-14",46.9025175577827
"2013-05-15",43.9750011897445
"2013-05-16",43.7165099990182
"2013-05-17",44.1378654177567
"2013-05-21",43.6691754873629
"2013-05-22",43.5953599160431
"2013-05-23",43.5092540556889
"2013-05-28",43.4133697119603
"2013-05-29",42.2664065315098
"2013-05-30",41.6887898518389
"2013-05-31",41.7706262955647
"2013-06-03",41.1968197229845
"2013-06-04",40.4976367216991
"2013-06-05",39.9508890004854
"2013-06-06",39.9927536501795
"2013-06-07",39.2814014262568
"2013-06-13",39.0640375422419
"2013-06-14",39.461645841737
"2013-06-17",39.0411973639221
"2013-06-18",39.3316743045735
"2013-06-19",41.062749624403
"2013-06-20",41.1007725625917
"2013-06-21",40.4196123074211
"2013-06-24",40.2441794838417
"2013-06-25",39.2041004384314
"2013-06-26",39.6537064995045
"2013-06-27",37.9370759836539
"2013-06-28",37.7166523469207
"2013-07-02",37.4137490902756
"2013-07-03",37.1676268629153
"2013-07-05",34.3024937919322
"2013-07-08",33.6350581711558
"2013-07-09",33.160258669395
"2013-07-10",30.7530384873476
"2013-07-11",29.69892943672
"2013-07-12",43.2255524296443
"2013-07-15",42.0210523988194
"2013-07-16",41.9422450356581
"2013-07-17",40.6983780021141
"2013-07-18",40.3605922739282
"2013-07-19",38.6590924851762
"2013-07-22",40.0362239297023
"2013-07-23",40.7726475767305
"2013-07-24",42.5630300772648
"2013-07-25",41.895006813486
"2013-07-26",40.9484181046364
"2013-07-29",40.647193276787
"2013-07-30",40.2706264845939
"2013-07-31",38.9262855246133
"2013-08-01",38.8455087492328
"2013-08-02",37.7868342594006
"2013-08-06",37.9922351635793
"2013-08-07",42.2664701804812
"2013-08-12",42.3500228297353
"2013-08-13",41.8889184801688
"2013-08-14",37.0939086821698
"2013-08-15",35.64867709803
"2013-08-16",37.1180230060543
"2013-08-19",37.1894387517367
"2013-08-20",36.9847550532851
"2013-08-21",36.6988234280207
"2013-08-22",37.3564617650172
"2013-08-23",41.6126113637687
"2013-08-26",42.349258972983
"2013-08-27",42.3299280256881
"2013-08-28",41.9696713487643
"2013-08-29",41.7698056031932
"2013-08-30",41.5447697438576
"2013-09-03",42.4945874876377
"2013-09-04",41.7031813747215
"2013-09-05",41.3641738159753
"2013-09-06",41.5398798614705
"2013-09-09",41.2798139209896
"2013-09-10",41.2179552286971
"2013-09-11",41.0850185630877
"2013-09-12",39.4499208513933
"2013-09-13",45.3920025398614
"2013-09-17",44.172365793399
"2013-09-18",44.7191282878656
"2013-09-23",44.5998643571908
"2013-09-24",44.6558675406278
"2013-09-25",44.4971140295817
"2013-09-26",44.0661946529956
"2013-09-27",44.3473060276105
"2013-09-30",40.8834062997552
"2013-10-08",40.7046140808787
"2013-10-09",40.8669232475437
"2013-10-10",40.8727561871973
"2013-10-11",40.2981706837086
"2013-10-16",39.9025011591833
"2013-10-17",39.657496945528
"2013-10-18",39.5226602573181
"2013-10-21",39.1033580198782
"2013-10-22",39.440482121197
"2013-10-23",38.1675694292747
"2013-10-24",38.1463788134084
"2013-10-25",37.8912609497841
"2013-10-28",38.1572826420311
"2013-10-29",38.3542053254337
"2013-10-30",38.2121998814812
"2013-10-31",37.7674606499331
"2013-11-01",37.2284931668186
"2013-11-04",37.1191565683054
"2013-11-06",36.7159892472906
"2013-11-07",35.6684605256398
"2013-11-08",35.8107036537836
"2013-11-12",35.655022356567
"2013-11-13",35.6977770459597
"2013-11-14",35.8458575185732
"2013-11-15",34.3810388116252
"2013-11-18",34.362409729965
"2013-11-19",34.3029056680147
"2013-11-20",36.1789977995523
"2013-11-21",35.5793474827632
"2013-11-22",35.4215019231898
"2013-11-25",35.0451925276521
"2013-11-26",35.0512179123573
"2013-11-27",34.6425098347608
"2013-11-29",34.4443624783422
"2013-12-02",34.972190771039
"2013-12-03",34.6760054832478
"2013-12-04",34.5574837609341
"2013-12-05",33.1139797256521
"2013-12-06",32.7117620477693
"2013-12-09",32.5022475571673
"2013-12-10",31.9936526498192
"2013-12-11",33.3572237287377
"2013-12-12",33.0886623369597
"2013-12-13",29.8335633654975
"2013-12-16",29.8044652769969
"2013-12-17",30.2770931496578
"2013-12-18",29.7444481312934
"2013-12-19",29.8751736755024
"2013-12-20",29.1094945053054
"2013-12-23",28.8649273518167
"2013-12-24",28.4109039262068
"2013-12-27",26.2755583608733
"2013-12-30",25.4442676859399
"2013-12-31",27.0741218762472
"2014-01-02",26.8878821527463
"2014-01-03",27.0996090350083
"2014-01-06",26.9633662581523
"2014-01-07",27.2351702274011
"2014-01-08",26.6422498541453
"2014-01-09",26.4151454998885
"2014-01-10",26.5448854375078
"2014-01-13",25.5362806745595
"2014-01-15",25.6328185724384
"2014-01-16",25.9530611873127
"2014-01-21",26.2609041219003
"2014-01-22",25.8203766194181
"2014-01-23",26.2031028246238
"2014-01-24",25.9639359789257
"2014-01-27",24.9729772630978
"2014-01-28",24.2198621906448
"2014-01-29",24.4275350113436
"2014-01-30",31.6921298341879
"2014-02-07",31.4854614481603
"2014-02-10",31.16466361262
"2014-02-11",30.6113919585867
"2014-02-12",29.2158126768143
"2014-02-13",28.3860496756451
"2014-02-14",30.1333009287634
"2014-02-18",30.2702903095923
"2014-02-19",29.8772737177946
"2014-02-20",30.3025555710529
"2014-02-21",29.4094599351206
"2014-02-24",28.8804725050466
"2014-02-25",29.3443494647181
"2014-02-26",28.7415026191248
"2014-02-27",29.7659261686977
"2014-02-28",28.673772249784
"2014-03-03",28.7045076429253
"2014-03-04",28.3132464315072
"2014-03-05",29.6769679194062
"2014-03-06",28.2173149962165
"2014-03-07",28.7848925962159
"2014-03-10",28.1606454863835
"2014-03-11",28.8041157941108
"2014-03-12",28.1592821748695
"2014-03-13",27.1010594368421
"2014-03-14",26.5620377019986
"2014-03-17",27.2731969747589
"2014-03-18",27.2234768204055
"2014-03-19",28.8869290258916
"2014-03-20",31.2156989456247
"2014-03-21",30.5377758994583
"2014-03-24",30.5014541413368
"2014-03-25",30.4913112223796
"2014-03-26",29.4454606417932
"2014-03-27",29.2882654042564
"2014-03-28",28.3724422199221
"2014-03-31",28.0560166976358
"2014-04-01",29.0722188585078
"2014-04-02",29.0193378958035
"2014-04-03",29.1517288420352
"2014-04-04",29.8988320874234
"2014-04-08",28.8362631680727
"2014-04-09",28.948463282652
"2014-04-10",29.5836091215497
"2014-04-11",30.2405105032633
"2014-04-14",33.0315396357853
"2014-04-15",34.7446347955626
"2014-04-16",34.7896301757338
"2014-04-17",34.8001298936244
"2014-04-21",34.2684183841651
"2014-04-22",34.3333389730191
"2014-04-23",34.2511872949655
"2014-04-24",35.8682016934216
"2014-04-25",35.8602899984518
"2014-04-28",34.950034952039
"2014-04-29",33.2888112046556
"2014-04-30",37.8965558004657
"2014-05-05",37.4970044706358
"2014-05-06",36.0333582742094
"2014-05-07",36.1745858497039
"2014-05-08",36.1364669431025
"2014-05-09",36.00348395422
"2014-05-12",35.1186321902114
"2014-05-14",36.2040552884433
"2014-05-15",36.5105499188361
"2014-05-16",35.3804994365262
"2014-05-20",35.272201048637
"2014-05-21",35.2270232566317
"2014-05-22",35.3802378330198
"2014-05-23",37.264735726039
"2014-05-27",37.0498357032588
"2014-05-28",37.1928227020925
"2014-05-29",37.8044653483492
"2014-05-30",37.9123187720116
"2014-06-03",38.9217398203861
"2014-06-04",39.4216009845935
"2014-06-05",39.1216661314625
"2014-06-06",38.541903610347
"2014-06-09",38.096915667931
"2014-06-10",38.5119693542773
"2014-06-11",37.6474099644717
"2014-06-12",36.8279109969353
"2014-06-13",36.2007672166317
"2014-06-16",35.2349832940618
"2014-06-17",35.9607031520472
"2014-06-18",36.2896888364791
"2014-06-19",34.7570476041392
"2014-06-20",34.8783148136537
"2014-06-23",34.671227953133
"2014-06-24",34.1517430323476
"2014-06-25",34.4241917556278
"2014-06-26",34.7694073290793
"2014-06-27",34.6649566962332
"2014-06-30",33.6662179508663
"2014-07-02",33.480979712317
"2014-07-03",33.5316204793088
"2014-07-07",33.0519894486404
"2014-07-08",32.6835306847785
"2014-07-09",32.7655070327455
"2014-07-10",36.8537176594893
"2014-07-11",36.5334466404879
"2014-07-14",41.6092542618676
"2014-07-16",39.1082479162314
"2014-07-17",38.0439727838558
"2014-07-18",38.0179300946573
"2014-07-21",37.996872268849
"2014-07-22",37.3534518110589
"2014-07-23",37.2542522229318
"2014-07-24",37.3968707068128
"2014-07-25",36.2473632252483
"2014-07-30",36.3161604169719
"2014-07-31",35.6510342262083
"2014-08-01",35.7010681932088
"2014-08-05",35.3230170006295
"2014-08-06",35.4761578904673
"2014-08-07",34.8638420301375
"2014-08-08",35.0887817535368
"2014-08-11",35.1139019759528
"2014-08-12",35.1502639536136
"2014-08-13",30.4572340541517
"2014-08-14",32.0790069733162
"2014-08-15",31.8068414219882
"2014-08-18",32.3360092204403
"2014-08-19",31.7084922537923
"2014-08-20",31.708897669892
"2014-08-21",31.2640363258098
"2014-08-22",32.1614602212865
"2014-08-25",30.9491472773339
"2014-08-26",31.8470578404632
"2014-08-27",30.3847009644553
"2014-08-28",32.0160312892386
"2014-08-29",31.1234390835349
"2014-09-02",30.4265790496595
"2014-09-03",30.1241308386617
"2014-09-04",31.244764878882
"2014-09-05",33.3848811319842
"2014-09-09",31.6333060513589
"2014-09-10",31.0858795975618
"2014-09-11",30.0057418633593
"2014-09-12",30.1950947735584
"2014-09-15",30.1806457505515
"2014-09-17",29.448621900176
"2014-09-18",29.1857453615794
"2014-09-19",29.603913636453
"2014-09-22",30.8384086689987
"2014-09-23",31.0616644163808
"2014-09-24",30.8759972363344
"2014-09-25",30.7867486245212
"2014-09-26",30.7313726539717
"2014-09-29",30.540896560859
"2014-09-30",31.1982440451182
"2014-10-08",31.0412619001453
"2014-10-09",31.5023248727906
"2014-10-10",33.5633121347684
"2014-10-14",31.7955910771502
"2014-10-15",31.6096281898467
"2014-10-16",31.129570603917
"2014-10-17",31.847084587451
"2014-10-20",31.6870983731505
"2014-10-21",34.9473922868535
"2014-10-23",35.023942803447
"2014-10-24",34.8130725560246
"2014-10-27",36.8646083534651
"2014-10-28",40.5237586037718
"2014-10-29",39.3164364939559
"2014-10-30",38.7146719050494
"2014-10-31",39.0700189782115
"2014-11-03",39.6449323030756
"2014-11-04",39.0712831321112
"2014-11-05",38.9337039602135
"2014-11-06",38.6200807226453
"2014-11-07",38.0247313903074
"2014-11-10",36.8821255480431
"2014-11-12",36.2917662303081
"2014-11-13",35.4974878761678
"2014-11-14",33.6510513654734
"2014-11-17",33.0275656313693
"2014-11-18",33.5258008182582
"2014-11-19",33.4886233721544
"2014-11-20",33.7903346458237
"2014-11-21",32.3037123181021
"2014-11-24",32.7805845817635
"2014-11-25",32.4482772366319
"2014-11-26",37.9674352264126
"2014-11-28",37.7248760087824
"2014-12-01",37.7294797915797
"2014-12-02",37.0228742964696
"2014-12-03",36.5233017725306
"2014-12-04",36.5598691505121
"2014-12-05",36.4743451783152
"2014-12-08",36.2021854776321
"2014-12-09",36.0532779325237
"2014-12-10",35.2873388962568
"2014-12-11",33.8179006373288
"2014-12-12",33.7030531426722
"2014-12-15",33.8576345371912
"2014-12-16",33.8183471664303
"2014-12-17",33.714470223304
"2014-12-18",33.7256974885784
"2014-12-19",33.7159337526685
"2014-12-22",34.1896405403883
"2014-12-23",32.9226594992567
"2014-12-24",31.346608755767
"2014-12-29",30.7777770004427
"2014-12-30",32.452220368707
"2014-12-31",32.9374836845309
"2015-01-05",32.7542703702853
"2015-01-06",32.4099807878695
"2015-01-07",31.8350484002047
"2015-01-08",31.5444366092588
"2015-01-09",34.3041390627616
"2015-01-12",33.1689253806627
"2015-01-13",32.0053519781803
"2015-01-14",30.0548876133078
"2015-01-15",29.3429609621709
"2015-01-16",29.3652720051613
"2015-01-20",28.8805629620835
"2015-01-21",28.3212047724752
"2015-01-22",28.2278900642179
"2015-01-23",27.8297507008432
"2015-01-26",26.8809784485173
"2015-01-27",27.2047817148567
"2015-01-28",29.2262417612689
"2015-01-29",28.8224087544373
"2015-01-30",31.200876591268
"2015-02-04",32.4055587473946
"2015-02-05",32.2731751051487
"2015-02-06",31.9754964742104
"2015-02-09",32.7839372236079
"2015-02-10",32.3544142371295
"2015-02-11",32.6866675164002
"2015-02-12",33.3612308978945
"2015-02-13",33.7902160442808
"2015-02-17",34.1988738025216
"2015-02-25",32.527075085167
"2015-02-26",33.2779745854032
"2015-02-27",33.3487285684136
"2015-03-02",33.1261012178173
"2015-03-03",35.5898375299709
"2015-03-04",37.0886199036906
"2015-03-05",36.6156103585597
"2015-03-06",35.915856937523
"2015-03-09",34.8186570059019
"2015-03-10",35.3123785718307
"2015-03-11",35.8334636422924
"2015-03-12",37.2846574459902
"2015-03-13",34.3950481886044
"2015-03-16",35.2849855305363
"2015-03-17",36.8792933306631
"2015-03-18",36.8950377431901
"2015-03-19",36.3288263751665
"2015-03-20",37.1501656213009
"2015-03-23",37.2827233716619
"2015-03-24",37.4038381070435
"2015-03-25",36.902975245403
"2015-03-26",37.8664694041161
"2015-03-27",37.2063074910335
"2015-03-30",37.0754304302402
"2015-03-31",38.7932715193934
"2015-04-01",38.2522870668901
"2015-04-02",39.1520967797806
"2015-04-07",39.6246850782738
"2015-04-08",39.5103183735356
"2015-04-09",39.1707213496916
"2015-04-10",38.3240846326721
"2015-04-13",40.7627956577366
"2015-04-14",40.3952720115328
"2015-04-15",38.733148499147
"2015-04-16",38.5543611558872
"2015-04-17",38.5245120929181
"2015-04-20",38.111610787061
"2015-04-21",38.0245375473538
"2015-04-22",38.3660510081266
"2015-04-23",37.9667969330454
"2015-04-24",37.2814857216087
"2015-04-27",36.3186818132284
"2015-04-28",36.4165876875932
"2015-04-29",36.5374347188451
"2015-04-30",40.2567881150303
"2015-05-05",38.6329681176251
"2015-05-06",39.1670987815121
"2015-05-07",38.8306734893362
"2015-05-08",38.763602325045
"2015-05-11",38.8209432807817
"2015-05-12",38.537884941523
"2015-05-13",34.2844031806
"2015-05-14",36.0045958492355
"2015-05-15",36.6755655178094
"2015-05-19",36.6122811972458
"2015-05-20",35.5981768005807
"2015-05-21",36.1930735112926
"2015-05-22",35.8414599934261
"2015-05-26",35.4602974856986
"2015-05-27",35.2755105008581
"2015-05-28",35.918828234246
"2015-05-29",37.4997116716806
"2015-06-01",35.9938748661122
"2015-06-02",34.7911920973636
"2015-06-03",33.5517867793219
"2015-06-04",33.3518557515203
"2015-06-05",33.5426886618518
"2015-06-08",32.8366530049457
"2015-06-09",32.7266752016449
"2015-06-10",33.3312145005777
"2015-06-11",33.1875411624356
"2015-06-12",32.7244198848347
"2015-06-15",33.1940950207113
"2015-06-16",33.6559748117827
"2015-06-17",33.1606620553229
"2015-06-18",32.2114897915566
"2015-06-19",32.1443415557247
"2015-06-23",32.4176159372848
"2015-06-24",33.6572869789131
"2015-06-25",33.5334960662833
"2015-06-26",32.7773185749199
"2015-06-29",36.8636344746732
"2015-06-30",36.9203363502254
"2015-07-02",37.7500521682129
"2015-07-06",42.0915549949296
"2015-07-07",41.168805624009
"2015-07-08",45.59059728399
"2015-07-09",44.4328429480701
"2015-07-10",43.8801972999978
"2015-07-13",42.7218761794224
"2015-07-14",43.0357663601812
"2015-07-15",39.968046692745
"2015-07-16",39.2764112540126
"2015-07-20",39.415659511951
"2015-07-21",39.2450355307154
"2015-07-22",39.2455821319593
"2015-07-23",39.7615738693097
"2015-07-24",40.9855951250163
"2015-07-27",41.7135461625543
"2015-07-28",40.8826808765997
"2015-07-29",40.8086086274877
"2015-07-30",40.3350018332855
"2015-07-31",39.433122519043
"2015-08-04",38.1552621092637
"2015-08-05",37.8998903601438
"2015-08-06",38.188595672315
"2015-08-07",41.1067581485052
"2015-08-10",48.2821111426115
"2015-08-11",53.0408799923077
"2015-08-12",52.1379508716678
"2015-08-13",51.1011230016406
"2015-08-14",48.8822177767026
"2015-08-17",49.7852793481636
"2015-08-18",50.010563584609
"2015-08-19",49.6104325136373
"2015-08-20",48.9750628969105
"2015-08-21",49.4978429323107
"2015-08-24",48.8892088971092
"2015-08-25",49.3343125413183
"2015-08-26",48.9866348997344
"2015-08-27",48.9432265739709
"2015-08-28",48.9897974545014
"2015-09-01",48.2547568825086
"2015-09-02",47.4343474510428
"2015-09-08",46.8612500127343
"2015-09-09",46.6862232560729
"2015-09-10",46.4268055910509
"2015-09-11",45.9383376545356
"2015-09-14",45.3287282992577
"2015-09-15",44.9576412098883
"2015-09-17",45.2252636922037
"2015-09-18",45.1028151461419
"2015-09-21",45.1978686470425
"2015-09-22",45.1035955989794
"2015-09-23",48.0443182674022
"2015-09-25",47.9219488759115
"2015-09-28",47.5876918711411
"2015-09-29",47.110595474862
"2015-09-30",45.5552228731866
"2015-10-08",44.8796057711121
"2015-10-09",44.873796973409
"2015-10-13",44.6304224399071
"2015-10-15",44.6646824140701
"2015-10-16",45.6830176927893
"2015-10-19",45.5568571055796
"2015-10-20",45.3289621296747
"2015-10-21",45.4039217868132
"2015-10-22",45.4348042628604
"2015-10-23",47.1429161757781
"2015-10-26",46.4241151622412
"2015-10-27",45.3882688548273
"2015-10-28",45.9237811432474
"2015-10-29",45.9499925780045
"2015-10-30",46.1626360361605
"2015-11-02",45.8132786613487
"2015-11-03",45.5896232614612
"2015-11-04",46.0595342108666
"2015-11-05",45.4459474163294
"2015-11-06",45.1323652686369
"2015-11-09",46.1887351010495
"2015-11-12",45.5046209202543
"2015-11-13",45.0505785400822
"2015-11-16",43.4862460592489
"2015-11-17",42.7704709255274
"2015-11-18",42.7224973371503
"2015-11-19",41.8529573372703
"2015-11-20",41.246245468273
"2015-11-23",41.1312127835153
"2015-11-24",39.929298236608
"2015-11-25",39.2095558236593
"2015-11-27",39.0831047088354
"2015-11-30",39.6766224941885
"2015-12-01",38.8202112515448
"2015-12-02",39.1835753576888
"2015-12-03",37.1857897533289
"2015-12-04",38.8498249547502
"2015-12-07",38.1596128855512
"2015-12-08",38.042565358543
"2015-12-09",36.6670958498424
"2015-12-10",36.7847133894982
"2015-12-11",36.1500341373954
"2015-12-14",36.0157367582029
"2015-12-15",35.463100242584
"2015-12-16",32.4320820575792
"2015-12-17",34.6868888712776
"2015-12-18",34.7712393542471
"2015-12-21",35.0472984306288
"2015-12-22",33.7777136680257
"2015-12-23",32.5959847462217
"2015-12-29",31.5500764390031
"2015-12-30",29.9486195075085
"2015-12-31",32.1690556796843
"2016-01-04",31.9526089895409
"2016-01-05",31.6193838259279
"2016-01-06",30.9539214200857
"2016-01-07",31.0783912359063
"2016-01-08",31.079644633425
"2016-01-11",31.1527504586249
"2016-01-12",30.8774000335513
"2016-01-13",30.4536505644017
"2016-01-14",28.5111396345893
"2016-01-15",29.1156091917608
"2016-01-19",30.0456169322394
"2016-01-20",30.3198970356612
"2016-01-21",30.2839018913363
"2016-01-22",30.3493422130616
"2016-01-26",30.6010126163569
"2016-01-27",31.0525374878991
"2016-01-28",30.9563467143378
"2016-01-29",30.579146470768
"2016-02-02",30.8604505129541
"2016-02-03",30.8951680454096
"2016-02-04",31.0418758241745
"2016-02-05",30.690658927884
"2016-02-16",30.7536719511322
"2016-02-17",30.6282541119526
"2016-02-18",30.4055900655351
"2016-02-19",30.3934745665398
"2016-02-22",33.9526474497556
"2016-02-23",33.2981505912622
"2016-02-24",34.1240911150285
"2016-02-25",33.3776418952347
"2016-02-26",32.8167629298597
"2016-02-29",32.0305187473505
"2016-03-01",31.4128581026539
"2016-03-02",31.6209359385133
"2016-03-03",33.074707891487
"2016-03-04",34.3526737873808
"2016-03-07",34.3126811966116
"2016-03-08",34.3880970486447
"2016-03-09",32.6345656428563
"2016-03-10",33.9076476655698
"2016-03-11",32.3317986523598
"2016-03-14",31.9291133428459
"2016-03-15",31.5052727806078
"2016-03-16",34.5404176353688
"2016-03-17",34.5447347080197
"2016-03-18",34.4365776501202
"2016-03-21",36.0580300654368
"2016-03-22",36.4186570260488
"2016-03-23",36.1223814279468
"2016-03-24",36.2479495516659
"2016-03-28",37.0275086148476
"2016-03-29",36.8130429617955
"2016-03-30",36.5891652671832
"2016-03-31",36.0963752834198
"2016-04-01",38.1913256900941
"2016-04-05",37.5365491803815
"2016-04-06",37.7003620462703
"2016-04-07",37.4120512113267
"2016-04-08",37.4509117704328
"2016-04-11",37.3475369239734
"2016-04-12",39.9137449889757
"2016-04-13",40.3955601082907
"2016-04-14",39.022202976154
"2016-04-15",38.944937607391
"2016-04-18",46.2195458597961
"2016-04-19",46.68151094905
"2016-04-20",46.0908534325372
"2016-04-21",48.7959090853166
"2016-04-22",47.6204508661443
"2016-04-25",48.3927566861803
"2016-04-26",48.1505667436465
"2016-04-27",46.8543494426792
"2016-04-28",46.7055222872289
"2016-04-29",44.2751796769026
"2016-05-03",41.5060485677622
"2016-05-04",39.6551116970192
"2016-05-05",41.0829915897676
"2016-05-06",40.6351529074341
"2016-05-09",45.615175811143
"2016-05-10",43.9726878660981
"2016-05-11",43.3246895131749
"2016-05-12",42.4165836144499
"2016-05-13",42.0500346019281
"2016-05-16",41.8129567983625
"2016-05-17",40.7909971499538
"2016-05-18",41.9547423113998
"2016-05-19",40.5113024301499
"2016-05-20",41.3369496128422
"2016-05-24",46.1239396556999
"2016-05-25",45.3630142574559
"2016-05-26",43.5340509455713
"2016-05-27",41.6201949742499
"2016-05-31",41.588004044973
"2016-06-01",42.4478607987552
"2016-06-02",42.4291378626886
"2016-06-03",42.1127263205622
"2016-06-06",40.8473276029522
"2016-06-07",42.9790662473913
"2016-06-08",43.7687450574224
"2016-06-13",44.3091566740655
"2016-06-14",45.168057070081
"2016-06-15",45.8923065353208
"2016-06-16",47.7490010353916
"2016-06-17",48.2417611580666
"2016-06-20",47.7986069659012
"2016-06-21",46.511458719678
"2016-06-23",48.6330712876132
"2016-06-24",49.1827772539268
"2016-06-27",49.4421171477839
"2016-06-28",48.3109522576929
"2016-06-29",48.073977189833
"2016-06-30",50.2012978191615
"2016-07-05",51.9861745223803
"2016-07-08",51.4178145268471
"2016-07-11",50.6653351230749
"2016-07-12",50.4819765695814
"2016-07-13",49.6618716003058
"2016-07-14",51.2308069705159
"2016-07-15",50.2877001338341
"2016-07-18",46.1716305934949
"2016-07-19",44.8336349633703
"2016-07-20",44.5194098062937
"2016-07-21",46.4264910013135
"2016-07-22",47.670396589603
"2016-07-25",47.6132467913551
"2016-07-26",47.3850996849812
"2016-07-27",47.0760972562844
"2016-07-28",48.5257347640663
"2016-07-29",49.5234654754563
"2016-08-02",47.7627286544899
"2016-08-03",47.724790988912
"2016-08-04",47.3420187259663
"2016-08-05",48.4569380061593
"2016-08-08",48.5115433774691
"2016-08-09",47.8690362752273
"2016-08-10",47.7508902560543
"2016-08-11",47.639068028411
"2016-08-12",47.0046382222794
"2016-08-15",46.9075619955066
"2016-08-16",47.4380319452722
"2016-08-17",47.130588625357
"2016-08-18",47.3794237886709
"2016-08-19",47.0417127899974
"2016-08-22",46.512373223964
"2016-08-23",46.526578239977
"2016-08-24",47.9645661041199
"2016-08-25",47.4128909284887
"2016-08-26",47.1394596244789
"2016-08-29",47.4664190666196
"2016-08-30",46.4501370806359
"2016-09-01",45.9874777104976
"2016-09-02",45.4416389666781
"2016-09-06",44.344838124126
"2016-09-07",43.8471573240112
"2016-09-08",42.8937008890914
"2016-09-09",49.3680264551159
"2016-09-13",49.4019538359474
"2016-09-14",48.481689973618
"2016-09-19",48.1573545790926
"2016-09-20",48.3366873548994
"2016-09-21",46.6383868864495
"2016-09-22",46.5813292020943
"2016-09-23",45.9815636814392
"2016-09-26",45.4823350697243
"2016-09-27",44.7270667437444
"2016-09-28",44.0790816011577
"2016-09-29",44.036752046644
"2016-09-30",41.4384261934978
"2016-10-11",41.3813702937247
"2016-10-12",40.8618668832969
"2016-10-13",40.2337024201169
"2016-10-14",42.1175571168618
"2016-10-17",41.5221022614367
"2016-10-18",41.9164614934255
"2016-10-19",42.1818193797852
"2016-10-20",41.8011735532
"2016-10-21",43.0997208245532
"2016-10-24",42.890923374074
"2016-10-25",42.4728548477989
"2016-10-26",40.9472162580971
"2016-10-27",38.8382247705196
"2016-10-28",38.5171000517741
"2016-10-31",39.4110017296161
"2016-11-01",39.2920741872929
"2016-11-02",38.796285115449
"2016-11-03",38.2546459195306
"2016-11-04",37.9840169088644
"2016-11-07",39.6275419521308
"2016-11-08",40.8364474442187
"2016-11-09",40.2030138319704
"2016-11-10",41.6248077941963
"2016-11-14",42.3558585938517
"2016-11-15",42.2404584968169
"2016-11-16",41.5544877080759
"2016-11-17",41.1090455768791
"2016-11-18",43.2494079890801
"2016-11-21",42.805738789283
"2016-11-22",39.0608920934611
"2016-11-23",38.7253324320418
"2016-11-25",39.1294898912831
"2016-11-28",39.6791289062391
"2016-11-29",39.4594843603387
"2016-11-30",39.0210858887164
"2016-12-01",37.9589058527353
"2016-12-02",37.9178546964599
"2016-12-05",38.0539509825705
"2016-12-06",37.4217097936083
"2016-12-07",38.9683665629308
"2016-12-08",38.241895147001
"2016-12-09",37.2380084318109
"2016-12-13",36.8318950131609
"2016-12-14",36.2694058246868
"2016-12-15",35.8399762485689
"2016-12-16",36.150018096081
"2016-12-19",37.5324566744491
"2016-12-20",37.1935471185122
"2016-12-21",38.1267912788883
"2016-12-22",37.61556314193
"2016-12-23",36.8332933256098
"2016-12-28",36.1155458727235
"2016-12-29",35.5756748877226
"2016-12-30",34.9306478521373
"2017-01-03",35.6045056778532
"2017-01-04",35.4221006133604
"2017-01-05",36.4656762358343
"2017-01-06",37.5058389933496
"2017-01-09",37.1136628421926
"2017-01-10",36.6916209716324
"2017-01-11",37.881736176856
"2017-01-12",36.543159776709
"2017-01-13",37.5643588719598
"2017-01-17",36.9680508645868
"2017-01-18",36.9622349339568
"2017-01-19",36.7604686324714
"2017-01-20",36.2906504097458
"2017-01-23",36.0143933223189
"2017-01-24",35.7081501536999
"2017-01-25",35.9041880294106
"2017-01-26",36.2248538916294
"2017-02-03",35.5550818314334
"2017-02-06",35.5042676537411
"2017-02-07",36.687096363725
"2017-02-08",35.7509782718713
"2017-02-10",35.9707547843675
"2017-02-13",35.7702930757698
"2017-02-14",35.4583347711329
"2017-02-15",37.2942089465052
"2017-02-16",37.8585136629146
"2017-02-17",38.4240407912268
"2017-02-21",38.4541046729367
"2017-02-22",40.5448185308627
"2017-02-23",40.8648950513686
"2017-02-24",40.7027113122983
"2017-02-27",38.2980348797227
"2017-02-28",39.8136286251321
"2017-03-01",39.7240277475844
"2017-03-02",39.5700299787318
"2017-03-03",38.7387576905665
"2017-03-06",39.3853918729713
"2017-03-07",39.1229585951631
"2017-03-08",39.565595413342
"2017-03-09",39.1926140623354
"2017-03-10",38.5846180864333
"2017-03-13",38.366026828842
"2017-03-14",36.4917467243345
"2017-03-15",36.3481898812472
"2017-03-16",36.2970570859348
"2017-03-17",35.7800252513355
"2017-03-20",35.5579637032328
"2017-03-21",35.1128201045187
"2017-03-22",37.7222559658179
"2017-03-23",41.7644193548473
"2017-03-24",41.3069921474503
"2017-03-27",41.1249065314127
"2017-03-28",41.1052395061246
"2017-03-29",41.7864054536353
"2017-03-30",41.8382142179677
"2017-03-31",40.7418297738207
"2017-04-05",41.7481482533795
"2017-04-06",41.1253687281397
"2017-04-07",40.468894761954
"2017-04-10",40.0444688581254
"2017-04-11",39.0195004560288
"2017-04-12",39.9003003881047
"2017-04-13",37.1932358649588
"2017-04-17",36.8591160951772
"2017-04-18",36.5059323473971
"2017-04-19",34.9664415335756
"2017-04-20",34.4376806636259
"2017-04-21",32.9441618897108
"2017-04-25",31.652503645905
"2017-04-26",31.0039910620683
"2017-04-27",30.5396680731362
"2017-04-28",32.1792001069017
"2017-05-02",32.2905301289
"2017-05-03",32.240820468251
"2017-05-04",31.7819064020195
"2017-05-05",32.250857745191
"2017-05-08",32.4559793433752
"2017-05-09",32.6795506438992
"2017-05-11",32.5397066568593
"2017-05-12",35.2478349837342
"2017-05-15",32.1111312338557
"2017-05-16",31.7333278242512
"2017-05-17",36.5506375399454
"2017-05-18",37.0108277273643
"2017-05-19",35.7433858553649
"2017-05-23",35.5935897132418
"2017-05-24",35.5034204085459
"2017-05-25",36.8325980679178
"2017-05-26",41.7593697313874
"2017-05-31",41.2285412360173
"2017-06-01",39.166362613543
"2017-06-02",38.776498313514
"2017-06-05",37.3933250416639
"2017-06-06",37.177584372989
"2017-06-07",36.4046161561546
"2017-06-08",36.7540279027981
"2017-06-09",35.988949492563
"2017-06-13",35.4955470134267
"2017-06-14",34.3127136892703
"2017-06-15",34.3119109802837
"2017-06-16",33.8259911383924
"2017-06-19",36.6512736121756
"2017-06-20",37.038959584963
"2017-06-21",35.7414402953772
"2017-06-22",35.755879765287
"2017-06-23",34.8276752355139
"2017-06-28",34.6421400797417
"2017-06-29",37.0134065312462
"2017-06-30",42.6365876567083
"2017-07-05",41.2392956733064
"2017-07-06",40.5041644322413
"2017-07-07",44.5951152505618
"2017-07-10",44.4635355264203
"2017-07-11",44.7138648031591
"2017-07-12",47.2999822390464
"2017-07-13",46.0712669619426
"2017-07-14",42.0806471270572
"2017-07-18",40.9082928172976
"2017-07-19",41.0382562531212
"2017-07-20",40.866406854627
"2017-07-21",40.6013546991694
"2017-07-24",41.5094288258458
"2017-07-25",41.4395799729701
"2017-07-26",40.78705740792
"2017-07-27",39.6434858150161
"2017-07-28",37.9003786888741
"2017-07-31",41.6627934493275
"2017-08-01",41.8376429625006
"2017-08-02",42.8713804444425
"2017-08-03",42.6875820963278
"2017-08-04",43.3143698859929
"2017-08-08",43.0446682430907
"2017-08-09",42.2421383434524
"2017-08-10",41.3757857630254
"2017-08-11",41.7610026086338
"2017-08-14",41.3963873280417
"2017-08-15",41.2610465366085
"2017-08-16",42.0432764451736
"2017-08-17",42.6867950120803
"2017-08-18",42.3753879967988
"2017-08-21",42.4615154165363
"2017-08-22",41.5068716671019
"2017-08-23",41.1954242642064
"2017-08-24",41.2490898619618
"2017-08-25",41.1830574543359
"2017-08-28",41.4033134763619
"2017-08-29",41.2539670504194
"2017-08-30",46.7297088188796
"2017-09-05",46.1599586766259
"2017-09-06",43.9777430915643
"2017-09-07",43.2701334833055
"2017-09-08",42.5971825943636
"2017-09-11",42.1638440786848
"2017-09-12",41.7799847512984
"2017-09-13",40.9311091474432
"2017-09-14",40.9621754045961
"2017-09-15",40.7270490144491
"2017-09-18",39.6757087747442
"2017-09-19",39.8784414174815
"2017-09-20",39.381236124964
"2017-09-21",38.2031241529597
"2017-09-25",37.6658074847245
"2017-09-26",37.625038561554
"2017-09-27",37.526776712733
"2017-09-28",37.0883477134918
"2017-09-29",36.8717156840285
"2017-10-10",36.8962923813107
"2017-10-11",38.450895636974
"2017-10-12",38.5382732739121
"2017-10-13",38.2837793756561
"2017-10-16",38.6288259166361
"2017-10-17",38.6868907272217
"2017-10-19",38.1606438461776
"2017-10-20",37.9147027891647
"2017-10-23",38.2970349747239
"2017-10-24",38.2757022469266
"2017-10-25",37.7053591115848
"2017-10-26",36.370757287508
"2017-10-27",36.1272123309439
"2017-10-30",35.9994516696548
"2017-10-31",36.4887401776918
"2017-11-01",36.2010786876313
"2017-11-02",37.6915744617495
"2017-11-03",37.8029628877055
"2017-11-06",37.2498568204355
"2017-11-07",37.3511759801559
"2017-11-08",37.2389949452396
"2017-11-09",36.5838141235027
"2017-11-10",40.8448916532937
"2017-11-14",44.0615646678371
"2017-11-15",44.114934751849
"2017-11-16",43.2332546396247
"2017-11-17",42.4580800934473
"2017-11-20",42.0503376825615
"2017-11-21",41.8621359069122
"2017-11-22",42.1121416904225
"2017-11-24",42.1057806768149
"2017-11-27",41.356510994956
"2017-11-28",40.2796569845108
"2017-11-29",39.8351069183775
"2017-11-30",38.9800800532025
"2017-12-04",39.0444070499766
"2017-12-05",39.8598987948173
"2017-12-06",40.3577035469561
"2017-12-07",40.0872914005468
"2017-12-08",40.5288373150868
"2017-12-11",40.289148306757
"2017-12-12",38.7360815356015
"2017-12-13",38.926125131951
"2017-12-14",38.7532512817565
"2017-12-15",36.2513555451703
"2017-12-18",34.5761427564185
"2017-12-19",34.186720436353
"2017-12-20",34.0656494916493
"2017-12-21",33.9037106397993
"2017-12-22",33.3038578468897
"2017-12-27",34.8626632249703
"2017-12-28",34.3355575173191
"2017-12-29",35.5089941031435
"2018-01-02",35.8605520468111
"2018-01-03",35.4963638860224
"2018-01-04",35.2257971693013
"2018-01-05",35.1766713157448
"2018-01-08",35.2782152385151
"2018-01-09",35.8817763618769
"2018-01-10",38.4690320851265
"2018-01-11",37.7586758184841
"2018-01-12",37.7301736401285
"2018-01-16",37.0224435292207
"2018-01-17",36.7097799869456
"2018-01-18",36.5808673698525
"2018-01-19",35.7733936512132
"2018-01-22",35.9217971476388
"2018-01-23",36.5278274468624
"2018-01-24",36.3426959522725
"2018-01-25",35.8004563090327
"2018-01-26",36.1436565048988
"2018-01-29",35.3859853941294
"2018-01-30",39.8329257407924
"2018-02-02",38.8141106337113
"2018-02-05",38.849724887794
"2018-02-06",37.9826805986885
"2018-02-07",36.9792388631464
"2018-02-08",36.6272996416431
"2018-02-09",38.2093440273783
"2018-02-12",38.1056454911353
"2018-02-13",38.635359063082
"2018-02-14",39.0006138955545
"2018-02-22",38.6321967836092
"2018-02-23",38.4103123826352
"2018-02-26",37.4774553999873
"2018-02-27",37.6167426805715
"2018-02-28",36.4733463327708
"2018-03-01",34.5772231768735
"2018-03-02",34.3065613887295
"2018-03-05",33.2645011485374
"2018-03-06",34.8029329119449
"2018-03-07",34.6759396122213
"2018-03-08",35.6638831993229
"2018-03-09",35.5144646923326
"2018-03-12",37.5986899308669
"2018-03-13",37.873484587402
"2018-03-14",38.2121697421359
"2018-03-15",37.6751737964027
"2018-03-16",38.8532944068582
"2018-03-19",38.3228020282587
"2018-03-20",38.963270106739
"2018-03-21",39.1100965381382
"2018-03-22",37.7099952659567
"2018-03-23",37.0863572967457
"2018-03-26",37.0579705679543
"2018-03-27",36.3086327324723
"2018-03-28",35.2406837664099
"2018-03-29",35.3898171054926
"2018-04-02",36.9823084295327
"2018-04-03",35.1339879920578
"2018-04-04",34.8519144465135
"2018-04-09",34.787504572919
"2018-04-10",34.6112315372173
"2018-04-11",34.516583215782
"2018-04-12",34.3010410316132
"2018-04-13",35.0935652482056
"2018-04-16",35.2845145861668
"2018-04-17",35.134399714163
"2018-04-18",32.8637269948217
"2018-04-19",32.0557721278059
"2018-04-20",32.3280498288369
"2018-04-23",32.278518061031
"2018-04-24",32.1232194109525
"2018-04-25",31.0361098628606
"2018-04-26",31.4010546454027
"2018-04-27",30.0858358330336
"2018-05-02",30.2058202728662
"2018-05-03",29.4403448756355
"2018-05-04",31.1088635212928
"2018-05-07",32.6258078506051
"2018-05-08",32.5831881657204
"2018-05-14",30.9300121716833
"2018-05-15",31.8304269844915
"2018-05-16",31.8328464103391
"2018-05-17",31.39016191704
"2018-05-18",32.0683407654981
"2018-05-22",31.5141675682369
"2018-05-23",30.7882385961562
"2018-05-24",31.1058585801459
"2018-05-25",30.3604103557614
"2018-05-30",30.7485569281381
"2018-05-31",30.3596142967967
"2018-06-01",32.2126671228623
"2018-06-04",32.2658190855378
"2018-06-05",31.931253819358
"2018-06-06",32.7133717815765
"2018-06-07",33.038105245364
"2018-06-08",33.8063768067118
"2018-06-11",32.6915388719868
"2018-06-12",33.1699963231778
"2018-06-13",32.568008342066
"2018-06-14",44.108185426842
"2018-06-19",42.7175006955681
"2018-06-20",41.3698694433318
"2018-06-21",42.1897465809188
"2018-06-22",40.276190396526
"2018-06-25",39.9578220477261
"2018-06-26",39.133773179551
"2018-06-27",38.1978858242241
"2018-06-28",35.8862565398709
"2018-06-29",37.2458576877956
"2018-07-03",37.1472888916976
"2018-07-05",40.616768553494
"2018-07-06",41.3095039337327
"2018-07-09",41.0014792210624
"2018-07-10",43.9851168765831
"2018-07-11",44.3655066669881
"2018-07-12",44.1462130881305
"2018-07-13",42.3282041095092
"2018-07-16",42.1879446456442
"2018-07-17",42.0498199588531
"2018-07-18",41.4271315101527
"2018-07-19",41.1864822595697
"2018-07-20",40.8385623638499
"2018-07-23",39.8677038214218
"2018-07-24",40.1916521089014
"2018-07-25",39.4695810260889
"2018-07-26",38.9286396512836
"2018-07-27",38.7322188495501
"2018-07-30",40.5035738527843
"2018-07-31",40.6213832983691
"2018-08-01",40.6714554123465
"2018-08-02",40.475284684491
"2018-08-03",40.8539882649371
"2018-08-07",40.6597039911117
"2018-08-08",40.681222179529
"2018-08-09",42.881113020274
"2018-08-10",41.5440023941394
"2018-08-13",41.3051541949396
"2018-08-14",41.8785518975753
"2018-08-15",42.4715766286313
"2018-08-16",42.080237164201
"2018-08-17",42.026728705956
"2018-08-20",41.7512188297949
"2018-08-21",45.8592734899228
"2018-08-23",45.211050188089
"2018-08-24",44.2126556405302
"2018-08-27",43.8726296966891
"2018-08-28",43.492261136422
"2018-08-29",43.3005415545571
"2018-08-30",42.2519626031386
"2018-09-04",42.3060872978489
"2018-09-05",41.7682670521596
"2018-09-06",41.4986448231647
"2018-09-07",40.8006496757516
"2018-09-12",40.290679841096
"2018-09-13",39.9869276509187
"2018-09-14",41.3119911743191
"2018-09-18",40.0433542631595
"2018-09-19",40.0548985024523
"2018-09-20",38.3011497243484
"2018-09-21",37.7573111203539
"2018-09-25",37.1421871144308
"2018-09-26",35.4941191657736
"2018-09-27",35.4346779543914
"2018-09-28",37.0369574008011
"2018-10-09",37.9294025451889
"2018-10-10",38.0728882767114
"2018-10-11",37.5101200234185
"2018-10-12",43.1302342798261
"2018-10-15",42.4133723660157
"2018-10-16",42.1709834563363
"2018-10-17",45.197165498436
"2018-10-18",44.736561005276
"2018-10-19",44.1867836568305
"2018-10-22",44.4006082822522
"2018-10-23",44.8381576478387
"2018-10-24",45.5635587910052
"2018-10-25",45.0111075511941
"2018-10-26",43.4178762456505
"2018-10-29",43.577947428227
"2018-10-30",43.7964045929754
"2018-10-31",47.25121468267
"2018-11-01",46.3756792893262
"2018-11-02",47.3473201547992
"2018-11-05",46.7596436170751
"2018-11-07",47.6369298342914
"2018-11-08",48.5764730796668
"2018-11-09",49.5730674464144
"2018-11-13",48.0840245547484
"2018-11-14",41.6892119112591
"2018-11-15",39.7028112604925
"2018-11-16",39.7145272627353
"2018-11-19",37.195626479375
"2018-11-21",34.7816691898583
"2018-11-23",37.5635239200312
"2018-11-26",39.0883220404104
"2018-11-27",41.6564269013498
"2018-11-28",41.475143096362
"2018-11-29",41.6162515927514
"2018-11-30",39.6685797956653
"2018-12-03",39.3442690765277
"2018-12-04",39.4761785064949
"2018-12-05",39.4842693058511
"2018-12-06",39.2267882529879
"2018-12-07",38.644884756929
"2018-12-10",37.8900357074583
"2018-12-11",37.9157122669117
"2018-12-12",37.4343355292185
"2018-12-13",37.762690865163
"2018-12-14",35.4044740097311
"2018-12-17",35.4335285207451
"2018-12-18",34.8014739909197
"2018-12-19",34.8668007996605
"2018-12-20",36.010776713078
"2018-12-21",35.9420115275455
"2018-12-24",37.1729975503991
"2018-12-27",36.7874120498664
"2018-12-28",38.9528995316691
"2019-01-02",39.2229184326217
"2019-01-03",39.4009021432797
"2019-01-04",38.3810241928885
"2019-01-07",37.6826182387136
"2019-01-08",37.8603138469884
"2019-01-09",39.8801288794523
"2019-01-10",39.5563287883599
"2019-01-11",40.3440889420054
"2019-01-14",39.5246265431157
"2019-01-15",38.8827890988269
"2019-01-16",39.6835401572276
"2019-01-17",39.9192331986999
"2019-01-18",39.7728413377229
"2019-01-22",39.7605496345633
"2019-01-23",39.6173012186703
"2019-01-24",39.9192710376912
"2019-01-25",39.33940928986
"2019-01-28",40.0778130382364
"2019-01-29",39.8933109317414
"2019-01-30",38.8413458447598
"2019-01-31",38.9066158468258
"2019-02-11",39.8572416743873
"2019-02-12",38.6782499376329
"2019-02-13",39.0814161688521
"2019-02-14",38.6213409771794
"2019-02-15",39.0471840480587
"2019-02-19",38.4680601878301
"2019-02-20",37.4646706087484
"2019-02-21",37.5651009657622
"2019-02-22",36.7892725267635
"2019-02-25",37.9700496506916
"2019-02-26",38.1586738826237
"2019-02-27",37.3036558973037
"2019-02-28",32.8573522707922
"2019-03-01",32.462296302255
"2019-03-04",32.0274659162305
"2019-03-05",32.9593817773249
"2019-03-06",33.0706036163192
"2019-03-07",32.9267800552954
"2019-03-08",32.490630067741
"2019-03-11",34.8591251908495
"2019-03-12",34.846477062696
"2019-03-13",34.2926953151086
"2019-03-14",36.7537315441791
"2019-03-15",36.4104452059159
"2019-03-18",35.8294357133105
"2019-03-19",35.8004650804099
"2019-03-20",35.4928418560284
"2019-03-21",34.9552324334206
"2019-03-22",34.7719283407762
"2019-03-25",35.3180511457782
"2019-03-26",33.7390720210933
"2019-03-27",33.4593105415483
"2019-03-28",33.8475171321912
"2019-03-29",34.0574443852443
"2019-04-01",34.4799984779013
"2019-04-02",33.9946645376877
"2019-04-03",33.9566712741778
"2019-04-04",34.6891042550484
"2019-04-08",34.1850292123496
"2019-04-09",34.0698053169603
"2019-04-10",34.3889035085682
"2019-04-11",34.1609208622579
"2019-04-12",33.3454276777355
"2019-04-15",33.4073716128654
"2019-04-16",33.20986532946
"2019-04-17",31.605476333964
"2019-04-18",31.591828037716
"2019-04-22",33.6922898154082
"2019-04-23",33.5756266002651
"2019-04-24",32.6125220519137
"2019-04-25",32.827837621802
"2019-04-26",31.6516532026028
"2019-04-29",32.2314704084255
"2019-04-30",46.3104979527542
"2019-05-06",44.8638084580315
"2019-05-07",44.1448210263762
"2019-05-08",44.1626875733903
"2019-05-09",43.9193657168022
"2019-05-10",44.0016484721371
"2019-05-13",46.0879329482908
"2019-05-14",46.8671127731773
"2019-05-15",48.9761637523484
"2019-05-16",51.1477773921004
"2019-05-17",47.3907561319923
"2019-05-21",45.9921890849979
"2019-05-23",46.0795007104015
"2019-05-24",50.2962273659496
"2019-05-28",50.0398068006525
"2019-05-29",48.3375651295271
"2019-05-30",48.5360184421055
"2019-05-31",47.9502621621429
"2019-06-03",48.0763906513356
"2019-06-04",46.4648044828417
"2019-06-10",46.4770744814969
"2019-06-11",44.6666548764451
"2019-06-12",44.4568404942552
"2019-06-13",43.4447325112437
"2019-06-14",44.7714977195529
"2019-06-17",44.5606361143415
"2019-06-18",43.3144918332358
"2019-06-19",44.4043707584142
"2019-06-20",44.5880430316558
"2019-06-21",43.9767593643766
"2019-06-24",44.1539771351801
"2019-06-25",45.0291806721123
"2019-06-26",44.8049174375879
"2019-06-27",44.417278463009
"2019-06-28",45.0810414001472
"2019-07-02",44.7295066366176
"2019-07-03",44.8795947774309
"2019-07-05",44.3803253038611
"2019-07-08",44.0919903210054
"2019-07-09",44.386519688824
"2019-07-10",44.5673231881056
"2019-07-11",43.7945483323601
"2019-07-12",42.0976423634423
"2019-07-15",41.8029323063615
"2019-07-16",41.5079536572289
"2019-07-17",41.3849548834419
"2019-07-18",42.0345143904438
"2019-07-19",42.264630239024
"2019-07-22",40.9849594436722
"2019-07-23",41.2350931644988
"2019-07-24",41.208154048919
"2019-07-25",40.6841763326491
"2019-07-26",40.6921596117445
"2019-07-29",42.5305601574029
"2019-07-31",42.894176857107
"2019-08-01",42.1763158074274
"2019-08-02",40.5536866687174
"2019-08-06",40.1347086219968
"2019-08-07",41.8267686621245
"2019-08-08",42.5812015200416
"2019-08-09",42.3146467137181
"2019-08-13",42.3623117848871
"2019-08-14",42.3035416692868
"2019-08-15",42.2455203910213
"2019-08-16",42.8768244209829
"2019-08-19",41.7269498197175
"2019-08-20",41.8032796606363
"2019-08-21",41.6943488069684
"2019-08-22",42.2128075078349
"2019-08-23",42.0645373426023
"2019-08-26",42.9718595602683
"2019-08-27",42.1270200974673
"2019-08-28",40.9724383242074
"2019-08-29",40.3309126511323
"2019-08-30",38.8896074025006
"2019-09-03",40.0352830738104
"2019-09-04",41.4599124366472
"2019-09-05",40.7661241710449
"2019-09-06",37.6490103893865
"2019-09-10",37.6036564052222
"2019-09-11",38.0292135151123
"2019-09-12",40.3790329797759
"2019-09-17",40.6910219476823
"2019-09-18",40.7091408722667
"2019-09-19",40.9055259101005
"2019-09-20",40.495453369035
"2019-09-23",39.450916805904
"2019-09-24",39.4608792213052
"2019-09-25",39.1655891233502
"2019-09-26",39.0017926735276
"2019-09-27",39.7200952648261
"2019-09-30",42.8990255425658
"2019-10-08",42.7164757244081
"2019-10-09",42.6050189694575
"2019-10-10",42.8837223499766
"2019-10-11",40.8655548583827
"2019-10-15",39.514755251082
"2019-10-16",39.5739407637934
"2019-10-17",39.1000537976967
"2019-10-18",39.0600060259326
"2019-10-21",39.1140994113236
"2019-10-22",38.5031207862884
"2019-10-23",38.1720902511502
"2019-10-24",38.2373906511442
"2019-10-25",37.4715990572142
"2019-10-29",37.3800090557691
"2019-10-30",36.6992933614391
"2019-10-31",36.4555298955764
"2019-11-01",36.5279481418242
"2019-11-04",36.1681995222192
"2019-11-05",35.9595315110559
"2019-11-06",35.4141899690209
"2019-11-07",35.1120196065448
"2019-11-08",36.9163178547032
"2019-11-12",36.7660836733198
"2019-11-13",36.6969727107174
"2019-11-14",36.4233707557684
"2019-11-15",35.2716860247342
"2019-11-18",35.0415627481556
"2019-11-19",35.4707586185571
"2019-11-20",35.8677044870497
"2019-11-21",35.8091656947893
"2019-11-22",36.2337030129683
"2019-11-25",36.4180417087526
"2019-11-26",36.1516994209222
"2019-11-27",35.7633366260932
"2019-11-29",37.7646831069358
"2019-12-02",36.6239982088882
"2019-12-03",37.8380376652835
"2019-12-04",37.9675832458461
"2019-12-05",38.032506449629
"2019-12-06",35.0507848462931
"2019-12-09",34.7837893990253
"2019-12-10",35.4818823253064
"2019-12-11",37.0019784866044
"2019-12-12",37.2344881731086
"2019-12-13",38.7651406302235
"2019-12-16",37.3367338217224
"2019-12-17",37.3450028666459
"2019-12-18",37.1766777454223
"2019-12-19",37.0276376202429
"2019-12-20",36.7691800255212
"2019-12-23",36.7717436351537
"2019-12-24",36.9361267526444
"2019-12-27",36.5206087364254
"2019-12-30",36.2118025483894
"2019-12-31",38.382785721812
"2020-01-02",38.6030800441089
"2020-01-03",38.3621396895813
"2020-01-06",37.4602886478277
"2020-01-07",37.2490478576635
"2020-01-08",36.6182342332166
"2020-01-09",36.7988562531273
"2020-01-10",37.1335776721547
"2020-01-13",35.5723398298942
"2020-01-14",34.9502043998573
"2020-01-15",35.2999133400698
"2020-01-16",34.9372844198341
"2020-01-17",35.1723609484678
"2020-01-21",35.0521352907656
"2020-01-22",33.6887202676349
"2020-01-23",58.9059872486207
"2020-02-03",59.2806920926674
"2020-02-04",58.8251067232371
"2020-02-05",58.6097460171743
"2020-02-06",58.5218828308778
"2020-02-07",57.8242563381466
"2020-02-10",57.7320911961566
"2020-02-11",57.6063656532234
"2020-02-12",57.0880716118426
"2020-02-13",56.7305672567007
"2020-02-14",56.2402094973309
"2020-02-18",55.5433081214108
"2020-02-19",55.3101717322499
"2020-02-20",54.5434579421331
"2020-02-21",56.9779041755638
"2020-02-24",56.2626412835155
"2020-02-25",54.9939552579222
"2020-02-26",53.7325729531756
"2020-02-27",51.7515102586803
"2020-02-28",53.7229936494012
"2020-03-02",53.6453169877786
"2020-03-03",54.2252440168
"2020-03-04",53.4114122760972
"2020-03-05",53.6359441602089
"2020-03-06",58.8855588155428
"2020-03-09",58.8303360632435
"2020-03-10",58.5488158364278
"2020-03-11",58.1801468035348
"2020-03-12",57.3128879419348
"2020-03-13",50.5297002481892
"2020-03-16",50.1864167336985
"2020-03-17",48.8541977012329
"2020-03-18",47.2717535181088
"2020-03-19",48.224358464627
"2020-03-20",49.2725485846494
"2020-03-23",48.8966442640742
"2020-03-24",47.109601989553
"2020-03-25",46.1575618968758
"2020-03-26",46.7294911761475
"2020-03-27",46.5561921407751
"2020-03-30",46.3518148229221
"2020-03-31",49.2266999181119
"2020-04-01",49.0444402386897
"2020-04-02",48.8080165470281
"2020-04-03",46.4046863832703
"2020-04-07",46.0761672903994
"2020-04-08",45.6846972507786
"2020-04-09",45.7744521048976
"2020-04-13",45.3744815914983
"2020-04-14",44.1749310062294
"2020-04-15",45.3653313819413
"2020-04-16",44.8553578473944
"2020-04-17",45.1246231520037
"2020-04-20",43.9935857479464
"2020-04-21",43.5317906242982
"2020-04-22",43.4133468355173
"2020-04-23",43.4453723134491
"2020-04-24",42.3266625575723
"2020-04-27",41.5447354979584
"2020-04-28",40.1379411702553
"2020-04-29",41.0935884328072
"2020-04-30",44.5283422084903
"2020-05-06",46.2930152032953
"2020-05-08",45.9044205891377
"2020-05-12",45.3301763255608
"2020-05-13",45.248893747144
"2020-05-14",44.7996948902692
"2020-05-15",44.4379597533312
"2020-05-19",43.2090467558031
"2020-05-20",42.6985596895576
"2020-05-21",42.1889845772005
"2020-05-22",42.5116717830158
"2020-05-27",42.5096126729359
"2020-05-28",42.1989508131997
"2020-05-29",42.2031546622632
"2020-06-01",43.1793246521077
"2020-06-02",43.3450818695249
"2020-06-03",42.9135826313413
"2020-06-04",42.8906300340724
"2020-06-05",42.9133065026708
"2020-06-09",42.5580946446979
"2020-06-10",41.7637340947937
"2020-06-11",41.4852215563993
"2020-06-12",41.2770801961817
"2020-06-15",41.3297059775856
"2020-06-16",41.0925642424502
"2020-06-17",40.6767226989204
"2020-06-18",40.9612276850425
"2020-06-19",40.4287767715678
"2020-06-22",39.9394086379546
"2020-06-23",39.4715775380157
"2020-06-24",39.1026233331483
"2020-06-29",35.2816954045725
"2020-06-30",34.4406943641909
"2020-07-02",35.3295529066539
"2020-07-06",34.4114344526845
"2020-07-07",33.7607419629891
"2020-07-08",33.4069814248017
"2020-07-09",32.155217523261
"2020-07-10",33.3478930757207
"2020-07-13",34.2391926444477
"2020-07-14",34.2926415056598
"2020-07-15",34.8346169290853
"2020-07-16",35.8399309790569
"2020-07-17",35.5913754317917
"2020-07-20",34.5242929692065
"2020-07-21",34.2158660921522
"2020-07-22",34.2822881485459
"2020-07-23",33.8426271057007
"2020-07-24",32.3986741874942
"2020-07-27",34.2888669730604
"2020-07-28",34.8511116039458
"2020-07-29",34.3302282863153
"2020-07-30",34.6830892063103
"2020-08-04",33.6836924798717
"2020-08-05",33.4304390085509
"2020-08-06",33.3374720157385
"2020-08-07",33.1004240131646
"2020-08-10",33.31598535573
"2020-08-11",34.7634913419562
"2020-08-12",34.3811359564762
"2020-08-13",34.3616647602904
"2020-08-14",34.3285711439043
"2020-08-17",34.7227991963598
"2020-08-18",34.7571180050113
"2020-08-19",34.9649262246476
"2020-08-21",34.773081266085
"2020-08-24",34.3117748130807
"2020-08-25",34.9798581512958
"2020-08-26",37.2727545979447
"2020-08-27",37.7877594134992
"2020-08-28",34.0025571640913
"2020-09-01",34.8527908516674
"2020-09-02",34.0817714871552
"2020-09-03",33.228082977413
"2020-09-04",33.7437402105667
"2020-09-08",33.176050229696
"2020-09-09",32.8078939089943
"2020-09-10",34.9333160126814
"2020-09-11",35.2835153577338
"2020-09-14",34.4817123697362
"2020-09-15",43.744597507264
"2020-09-17",43.8841820409789
"2020-09-18",45.1454504496262
"2020-09-21",43.6709070223281
"2020-09-22",42.6392273825971
"2020-09-23",44.2174217641213
"2020-09-24",44.440328395957
"2020-09-25",43.8467808779853
"2020-09-28",44.4807256827491
"2020-09-29",46.688666049104
"2020-09-30",54.4358813262876
"2020-10-09",54.6269132722002
"2020-10-13",54.4906996886187
"2020-10-14",52.0396418899832
"2020-10-15",50.9947423959844
"2020-10-16",49.0844635036666
"2020-10-19",50.0320610370526
"2020-10-20",49.4139037369756
"2020-10-21",48.4831961809501
"2020-10-22",48.0640241080891
"2020-10-23",45.6168471785034
"2020-10-26",46.1386871477119
"2020-10-27",46.1172851168752
"2020-10-28",46.1796005861843
"2020-10-30",46.4959680102366
"2020-11-02",47.5480262205699
"2020-11-03",48.7839668905381
"2020-11-04",50.1022147850924
"2020-11-05",50.5284663225031
"2020-11-06",50.0130859244919
"2020-11-09",50.7178919755576
"2020-11-10",49.0056588823912
"2020-11-12",48.952879923249
"2020-11-13",46.0205696444421
"2020-11-16",45.2889491342263
"2020-11-17",45.6507762969316
"2020-11-18",45.3062616025549
"2020-11-19",44.8403534541017
"2020-11-20",44.5673800560128
"2020-11-23",44.2127079875703
"2020-11-24",43.8105885709063
"2020-11-25",44.2190882261302
"2020-11-27",45.1037752124057
"2020-11-30",43.4370405612791
"2020-12-01",43.398826804578
"2020-12-02",44.5735409344214
"2020-12-03",43.5037250117733
"2020-12-04",43.4990449467232
"2020-12-07",43.7685456375626
"2020-12-08",44.7197376261263
"2020-12-09",44.5000172958204
"2020-12-10",44.5652446551604
"2020-12-11",43.8549026383921
"2020-12-14",42.049654135748
"2020-12-15",40.8986786869884
"2020-12-16",42.2455354772116
"2020-12-17",42.5112066302378
"2020-12-18",42.7873989066903
"2020-12-21",42.7715179140196
"2020-12-22",39.7227679618417
"2020-12-23",37.9169567562976
"2020-12-24",39.2079166926189
"2020-12-29",38.6723667044453
"2020-12-30",38.5936587668181
"2020-12-31",38.5906411060872
"2021-01-04",45.5831232141213
"2021-01-05",45.0283524570113
"2021-01-06",43.7548427838213
"2021-01-07",43.2866347829542
"2021-01-08",41.8036310902837
"2021-01-11",44.2993790377137
"2021-01-12",43.5514102631981
"2021-01-13",42.8650930747345
"2021-01-14",45.5501860413339
"2021-01-15",43.914958784536
"2021-01-19",42.9856311371268
"2021-01-20",42.4036850169978
"2021-01-21",45.5866389840299
"2021-01-22",45.8578070356667
"2021-01-25",46.7855209336458
"2021-01-26",46.8632472495735
"2021-01-27",43.696694885051
"2021-01-29",42.5000004607842
"2021-02-02",41.0360111693781
"2021-02-03",40.8282987143981
"2021-02-04",40.0680103042562
"2021-02-05",40.8575905726611
"2021-02-08",40.9986764850849
"2021-02-09",43.8051409090155
"2021-02-10",44.6658585631567
"2021-02-18",43.4772596523175
"2021-02-19",43.1160326279669
"2021-02-22",44.4788847069357
"2021-02-23",42.6870193247743
"2021-02-24",43.30493742481
"2021-02-25",42.107400657865
"2021-02-26",41.8512571214566
"2021-03-01",42.3489393709518
"2021-03-02",42.0477485715241
"2021-03-03",41.330420562822
"2021-03-04",40.8313337849769
"2021-03-05",40.6528953583887
"2021-03-08",40.8995176854376
"2021-03-09",42.2153572263756
"2021-03-10",40.0164503031863
"2021-03-11",39.5762076065306
"2021-03-12",37.1750584984713
"2021-03-15",36.8991444787973
"2021-03-16",37.3192131372786
"2021-03-17",38.3107995049247
"2021-03-18",39.6958370907725
"2021-03-19",38.721750019988
"2021-03-22",37.9066409590898
"2021-03-23",37.6304421459395
"2021-03-24",39.8581740800069
"2021-03-25",41.4482005960298
"2021-03-26",40.0133925641087
"2021-03-29",41.1736330196452
"2021-03-30",47.8651978330829
"2021-03-31",49.4919325344607
"2021-04-01",48.0466253671221
"2021-04-06",47.3187736162634
"2021-04-07",46.9558369265655
"2021-04-08",47.0433416107713
"2021-04-09",46.8357190530721
"2021-04-12",46.4194848719993
"2021-04-13",46.0321370947952
"2021-04-14",45.1862244637392
"2021-04-15",45.104298653038
"2021-04-16",44.7264962577997
"2021-04-19",45.5691100337809
"2021-04-20",46.3370771787945
"2021-04-21",47.1672668505479
"2021-04-22",45.4468518275766
"2021-04-23",46.4454446882739
"2021-04-26",46.04525543058
"2021-04-27",45.2936475937858
"2021-04-28",44.2360121732308
"2021-04-30",41.4052053665914
"2021-05-06",42.6824826819267
"2021-05-07",41.8044433922362
"2021-05-10",41.1882630954404
"2021-05-11",40.4628839638367
"2021-05-12",45.3358953545303
"2021-05-17",44.0955149836364
"2021-05-18",45.3511490481708
"2021-05-19",45.0413378008908
"2021-05-20",45.1094682441802
"2021-05-21",44.5656630979924
"2021-05-25",43.6799077317221
"2021-05-27",43.2515761435757
"2021-05-28",42.5663044388719
"2021-06-01",42.5828620984932
"2021-06-02",43.5171114164003
"2021-06-03",44.2432455521497
"2021-06-04",43.6409573036256
"2021-06-08",43.3048656666111
"2021-06-09",43.0841432283906
"2021-06-10",43.4368757950296
"2021-06-11",49.2421965022453
"2021-06-15",47.6649805909545
"2021-06-16",53.5299407381104
"2021-06-17",50.0575038978399
"2021-06-18",49.0068322011475
"2021-06-21",48.9305412225014
"2021-06-22",46.8948075422189
"2021-06-23",46.3726222664518
"2021-06-24",44.7869061309469
"2021-06-25",42.8310532345275
"2021-06-28",42.9996997494527
"2021-06-29",42.4548766054278
"2021-06-30",43.6459479833744
"2021-07-02",47.0409210467412
"2021-07-06",47.77641826818
"2021-07-07",47.2955890563598
"2021-07-08",44.0270437114843
"2021-07-09",44.9930472855626
"2021-07-12",44.8749618407015
"2021-07-13",43.6886320692927
"2021-07-14",42.929315093821
"2021-07-15",42.8862420443413
"2021-07-16",43.1465397288013
"2021-07-19",42.2006942658359
"2021-07-21",41.146500169402
"2021-07-22",40.1666912192866
"2021-07-23",40.0669668761048
"2021-07-26",39.8967493461471
"2021-07-27",39.4994627873108
"2021-07-28",39.4800481327557
"2021-07-29",40.2072633332773
"2021-07-30",39.1722374815095
"2021-08-02",39.0517305735587
"2021-08-03",38.4889486147841
"2021-08-04",37.8344691406855
"2021-08-05",38.4637488861158
"2021-08-06",37.500266151589
"2021-08-09",36.7895980623868
"2021-08-11",36.6328551555812
"2021-08-12",36.2956109394753
"2021-08-13",34.9537204115041
"2021-08-16",34.0888194006877
"2021-08-17",34.4579276608249
"2021-08-18",36.6362104329381
"2021-08-19",38.1867484866155
"2021-08-20",36.4681379070978
"2021-08-23",40.1362174455262
"2021-08-24",39.5763522620865
"2021-08-25",39.0114702058141
"2021-08-26",38.8895692182916
"2021-08-27",40.0562646294164
"2021-08-30",38.942933618298
"2021-09-01",38.2337428161197
"2021-09-02",38.0625458974316
"2021-09-03",38.367804556035
"2021-09-07",37.1643920204765
"2021-09-08",37.4508455871752
"2021-09-09",36.4006969485613
"2021-09-10",36.2597029117731
"2021-09-13",36.789583913211
"2021-09-14",35.5178762823667
"2021-09-15",36.3303296388382
"2021-09-17",36.0225859248581
"2021-09-22",35.9442924811742
"2021-09-23",35.5937769659866
"2021-09-24",35.508538492323
"2021-09-27",33.3531241087105
"2021-09-28",33.4363010518672
"2021-09-29",32.7815187037581
"2021-09-30",36.2477549475933
"2021-10-08",39.2622442024721
"2021-10-12",38.2532173810114
"2021-10-13",38.121916899662
"2021-10-14",37.8209335618039
"2021-10-15",37.6586299359667
"2021-10-18",41.0880128134221
"2021-10-20",41.9631094194983
"2021-10-21",41.6681948976937
"2021-10-22",42.1697594239965
"2021-10-25",41.6406281751822
"2021-10-26",40.7752918516703
"2021-10-27",40.4907522542037
"2021-10-28",39.4703787923641
"2021-10-29",37.9896762788712
"2021-11-01",38.1737701721997
"2021-11-02",36.5417633997262
"2021-11-03",38.3925490201996
"2021-11-05",37.9833587681361
"2021-11-08",39.5274924360425
"2021-11-09",39.409891447753
"2021-11-10",37.2116572417039
"2021-11-12",36.3544112991717
"2021-11-15",35.4902636512838
"2021-11-16",34.6554476505156
"2021-11-17",34.341029337676
"2021-11-18",34.3985470684157
"2021-11-19",34.4554347028538
"2021-11-22",33.1789286807067
"2021-11-23",32.8426683910172
"2021-11-24",32.477331615197
"2021-11-26",32.3802751463883
"2021-11-29",35.0739483372765
"2021-11-30",35.1145156231867
"2021-12-01",34.9267025500535
"2021-12-02",34.9497943174559
"2021-12-06",34.7270394633857
"2021-12-07",34.0994762526567
"2021-12-08",33.7676061897693
"2021-12-09",32.5644157559064
"2021-12-10",31.2827089120702
"2021-12-13",32.7363078111275
"2021-12-14",31.5798034112428
"2021-12-15",31.2931933573277
"2021-12-16",31.1974831760409
"2021-12-17",30.5626161892324
"2021-12-20",31.0961616787635
"2021-12-21",31.4843326027892
"2021-12-22",31.2559041608924
"2021-12-23",33.1152920871514
"2021-12-28",31.3924691607894
"2021-12-29",32.1310502204802
"2021-12-30",30.5449554212576
"2021-12-31",35.7277942194567
"2022-01-04",35.0853870718209
"2022-01-05",35.3610327635719
"2022-01-06",34.8194186397114
"2022-01-07",34.6215344669584
"2022-01-10",34.1209990129679
"2022-01-11",33.4318751725316
"2022-01-12",34.8154888079561
"2022-01-13",32.6511030621357
"2022-01-14",32.4424297951972
"2022-01-18",35.3406083401676
"2022-01-19",36.8072962468977
"2022-01-20",36.3719835357494
"2022-01-21",35.6745143630382
"2022-01-24",35.262852415592
"2022-01-25",36.0643579112037
"2022-01-26",35.9310011809758
"2022-01-27",36.6448980336569
"2022-01-28",39.8017731720791
"2022-02-07",39.120879300465
"2022-02-08",38.9785944500417
"2022-02-09",38.7623901862074
"2022-02-10",38.4391711277414
"2022-02-11",38.5417108024629
"2022-02-14",38.4488763804669
"2022-02-15",39.1830788582336
"2022-02-16",39.2380102162848
"2022-02-17",39.3361511442487
"2022-02-18",41.3899190404417
"2022-02-22",41.7851193731723
"2022-02-23",41.1028482202409
"2022-02-24",44.5416887879854
"2022-02-25",46.5979097693203
"2022-02-28",49.7911972810883
"2022-03-01",47.8613577483192
"2022-03-02",45.9186398100591
"2022-03-03",44.8948348369571
"2022-03-04",43.6109237065096
"2022-03-07",43.7561727868321
"2022-03-08",43.3668915414462
"2022-03-09",44.1105604360385
"2022-03-10",43.1124611207796
"2022-03-11",41.5805242406275
"2022-03-14",39.8485942623267
"2022-03-15",39.6885591870866
"2022-03-16",38.181183922955
"2022-03-17",37.9112408514045
"2022-03-18",38.1675408906863
"2022-03-21",37.6492996869119
"2022-03-22",37.0868354644703
"2022-03-23",36.7609535799446
"2022-03-24",36.7504875675677
"2022-03-25",37.5164504572821
"2022-03-28",37.7067376311567
"2022-03-29",37.6392060309672
"2022-03-30",37.8832464942211
"2022-03-31",36.8247293318247
"2022-04-01",37.3185602850102
"2022-04-06",37.173423143256
"2022-04-07",37.6204558420343
"2022-04-08",38.2389288401899
"2022-04-11",38.4436409265112
"2022-04-12",37.6118950103474
"2022-04-13",37.4522218424824
"2022-04-14",38.0773169619031
"2022-04-18",37.8233663325892
"2022-04-20",37.6541813102314
"2022-04-21",37.1556321978999
"2022-04-22",37.462182517388
"2022-04-25",37.2912662094022
"2022-04-26",38.1868749754802
"2022-04-27",37.6201382528059
"2022-04-28",36.7311245652689
"2022-04-29",40.5899769775191
"2022-05-05",39.8523579430391
"2022-05-06",41.0528233108697
"2022-05-09",39.8675669732348
"2022-05-10",39.7470516343587
"2022-05-11",37.8461340257584
"2022-05-12",37.676799759103
"2022-05-13",38.3797452429265
"2022-05-17",37.3018701498069
"2022-05-18",36.0976313214101
"2022-05-19",36.5081274654146
"2022-05-20",35.0129218256326
"2022-05-24",35.027393292267
"2022-05-25",35.9456091045063
"2022-05-26",35.5901589577138
"2022-05-27",34.9008398427748
"2022-05-31",34.5784882430091
"2022-06-01",33.0463400575487
"2022-06-02",32.5524556241412
"2022-06-07",32.3725918223136
"2022-06-08",31.9912173415564
"2022-06-09",33.8848993152348
"2022-06-10",36.4842566887645
"2022-06-13",36.4228677874896
"2022-06-14",36.1402263141075
"2022-06-15",34.9704569866111
"2022-06-16",34.0178097605183
"2022-06-17",35.7462529771066
"2022-06-21",40.1550238104791
"2022-06-22",41.3872228807856
"2022-06-23",39.8907211136999
"2022-06-24",40.6809838618126
"2022-06-27",40.8905012445102
"2022-06-28",40.8331561026405
"2022-06-29",39.3546677857111
"2022-06-30",52.6265957401252
"2022-07-05",52.5926830253028
"2022-07-06",52.9075347920356
"2022-07-07",52.9403488980245
"2022-07-08",52.6766835733985
"2022-07-12",51.5807576032038
"2022-07-13",51.2268281667756
"2022-07-14",59.0591635591796
"2022-07-15",57.4035304662119
"2022-07-18",57.5361229642907
"2022-07-19",56.7551024015526
"2022-07-20",56.7611283592071
"2022-07-21",56.6279232621202
"2022-07-22",55.9709213147702
"2022-07-25",56.5600690197112
"2022-07-26",56.9895336550302
"2022-07-27",56.3054236038562
"2022-07-28",56.2624078962379
"2022-07-29",58.3289982781399
"2022-08-02",57.2595998639586
"2022-08-03",56.9198739199315
"2022-08-04",55.7960263325445
"2022-08-05",55.7383494150886
"2022-08-08",53.3206694303943
"2022-08-09",53.2712727919709
"2022-08-10",53.5672373461425
"2022-08-11",52.9783373639034
"2022-08-12",53.9411859604383
"2022-08-15",54.2710999404343
"2022-08-16",53.9291859342769
"2022-08-17",53.7539979416564
"2022-08-18",53.3551031861434
"2022-08-19",53.51346691991
"2022-08-22",53.8196565223848
"2022-08-23",53.6229186916858
"2022-08-24",53.5236542674856
"2022-08-25",53.1729318271281
"2022-08-26",51.906756126793
"2022-08-29",51.5725828144671
"2022-08-30",51.5276794549184
"2022-09-01",50.9106151892185
"2022-09-02",50.8764299442204
"2022-09-06",49.1469442814902
"2022-09-07",46.4205726771246
"2022-09-08",46.0877827645578
"2022-09-09",47.1226188509515
"2022-09-13",47.0555351016185
"2022-09-14",46.9231167450082
"2022-09-15",43.9946434804221
"2022-09-19",43.4711163209128
"2022-09-20",42.8669615064151
"2022-09-21",42.2221598073261
"2022-09-22",43.4717429561473
"2022-09-23",43.3534029352525
"2022-09-26",42.9879744819692
"2022-09-27",41.3990521070516
"2022-09-28",40.6740415668856
"2022-09-29",39.6397502474465
"2022-10-11",39.390680047876
"2022-10-12",39.3554301734191
"2022-10-13",39.1225059195521
"2022-10-14",37.5033468595946
"2022-10-17",37.0342712231976
"2022-10-18",37.0824348703895
"2022-10-19",36.5939024100841
"2022-10-20",36.7228955951609
"2022-10-21",36.3734122121671
"2022-10-25",34.2549794940668
"2022-10-26",33.3729926301987
"2022-10-27",33.1898412691876
"2022-10-28",33.1283831821057
"2022-10-31",32.4981294960506
"2022-11-01",32.5568400917712
"2022-11-02",31.9744063240166
"2022-11-03",32.8315176153709
"2022-11-04",32.8928136480382
"2022-11-07",32.5524442194462
"2022-11-08",32.2508079611155
"2022-11-09",32.1318180763529
"2022-11-10",31.7803254709077
"2022-11-14",31.4553596971001
"2022-11-15",32.1401929012481
"2022-11-16",32.549695259256
"2022-11-17",31.4503667285327
"2022-11-21",30.9805214013335
"2022-11-22",30.8706621113949
"2022-11-23",30.2836689017693
"2022-11-25",30.5362916584313
"2022-11-29",29.368222138539
"2022-11-30",31.0782818082146
"2022-12-01",30.7359430444895
"2022-12-02",30.2723316854537
"2022-12-05",29.1751237923023
"2022-12-06",28.3130678999263
"2022-12-07",28.8305578407666
"2022-12-08",28.7712243554054
"2022-12-09",28.2648842619189
"2022-12-12",29.4883902369772
"2022-12-13",29.3874007100731
"2022-12-14",30.0019687450997
"2022-12-15",29.614287709529
"2022-12-16",29.4344090649782
"2022-12-19",28.9093264289654
"2022-12-20",28.842262174698
"2022-12-21",28.3389313428808
"2022-12-22",28.1735735207619
"2022-12-23",28.2381615111597
"2022-12-28",27.8714494036296
"2022-12-29",28.2419031960764
"2022-12-30",26.6173109903819
"2023-01-03",26.0161374184511
"2023-01-04",25.0914471949365
"2023-01-05",26.5343355877373
"2023-01-06",26.5805787006914
"2023-01-09",25.8771815328722
"2023-01-10",24.9315206235065
"2023-01-11",25.7619227286038
"2023-01-12",24.9516320877597
"2023-01-13",24.2426945866621
"2023-01-17",24.1055257580087
"2023-01-18",23.5940098438238
"2023-01-19",24.8432578891038
"2023-01-20",25.9969899673981
"2023-01-30",25.9486308939731
"2023-01-31",25.5094645527114
"2023-02-02",24.9903780328582
"2023-02-03",23.7872086299152
"2023-02-07",23.7870193230375
"2023-02-08",23.6795481472764
"2023-02-09",24.4527284315253
"2023-02-10",24.3763547014367
"2023-02-13",24.259298547887
"2023-02-14",24.5359796380755
"2023-02-15",24.3325352417195
"2023-02-16",24.2885082504993
"2023-02-17",25.5070162990641
"2023-02-21",25.3410943299704
"2023-02-22",25.9912498523133
"2023-02-23",26.2218590467849
"2023-02-24",25.1374657843558
"2023-02-27",24.872178247988
"2023-02-28",25.4952205405925
"2023-03-01",24.9507944298731
"2023-03-02",24.8466355274813
"2023-03-03",24.4469737836456
"2023-03-06",25.6499338800009
"2023-03-07",25.3926736769045
"2023-03-08",25.9922245220738
"2023-03-09",25.2621353474497
"2023-03-10",25.5002125955486
"2023-03-13",25.0703226207748
"2023-03-14",25.9742111638039
"2023-03-15",26.0949463007947
"2023-03-16",26.3179947591827
"2023-03-17",25.7741502980283
"2023-03-20",26.8902465291681
"2023-03-21",29.33961449591
"2023-03-22",25.6287418776128
"2023-03-23",25.7933251181573
"2023-03-24",27.7802353230099
"2023-03-27",29.518769653066
"2023-03-28",29.5606310714187
"2023-03-29",29.0975833811286
"2023-03-30",29.9898612228636
"2023-03-31",31.2166028355361
"2023-04-03",30.9071717275886
"2023-04-04",31.8052276592153
